polymer name,coating name,psmiles,layers,thickness (mils),thickness (mm),e_y (cm3/atom),e_y (A3/atom),log(e_y),mission time (yr),solar exposure (esh),ao fluence (atoms/cm2),mission name,orientation,paper
Fluorinated ethylene propylene [Teflon FEP],,[*]C(F)(F)C(F)(F)C(F)(F)C([*])(F)C(F)(F)F,1,5,0.127,7.34e-25,0.73,-0.13,0.48,179.0,6.94e+18,MISSE 10,nadir,https://ntrs.nasa.gov/api/citations/20250003756/downloads/de%20Groh%20PCE%201-4%20AO%20Ey%20TM%2020250003756%20Final.pdf
Fluorinated ethylene propylene [Teflon FEP] (FEP/Al),back surface aluminized,[*]C(F)(F)C(F)(F)C(F)(F)C([*])(F)C(F)(F)F,1,5,0.127,6.86e-25,0.69,-0.16,0.48,179.0,6.94e+18,MISSE 10,nadir,https://ntrs.nasa.gov/api/citations/20250003756/downloads/de%20Groh%20PCE%201-4%20AO%20Ey%20TM%2020250003756%20Final.pdf
Teflon FEP (FEP/C/FEP),interlayer carbon painted (India Ink),[*]C(F)(F)C(F)(F)C(F)(F)C([*])(F)C(F)(F)F,1,14,0.3556,2.87e-23,28.7,1.46,0.48,179.0,6.94e+18,MISSE 10,nadir,https://ntrs.nasa.gov/api/citations/20250003756/downloads/de%20Groh%20PCE%201-4%20AO%20Ey%20TM%2020250003756%20Final.pdf
Low density polyethylene for cosmic ray shielding,,[*]C[*],1,22,0.5588,8.05e-24,8.05,0.91,0.48,179.0,6.94e+18,MISSE 10,nadir,https://ntrs.nasa.gov/api/citations/20250003756/downloads/de%20Groh%20PCE%201-4%20AO%20Ey%20TM%2020250003756%20Final.pdf
Polyimide (PMDA) (Kapton H) - 30� chamfer,,[*]c1ccc(Oc2ccc(-n3c(=O)c4cc5c(=O)n([*])c(=O)c5cc4c3=O)cc2)cc1,1,5,0.127,2.31e-24,2.31,0.36,0.48,179.0,6.94e+18,MISSE 10,nadir,https://ntrs.nasa.gov/api/citations/20250003756/downloads/de%20Groh%20PCE%201-4%20AO%20Ey%20TM%2020250003756%20Final.pdf
Polyimide (PMDA) (Kapton H) - 60� chamfer,,[*]c1ccc(Oc2ccc(-n3c(=O)c4cc5c(=O)n([*])c(=O)c5cc4c3=O)cc2)cc1,1,5,0.127,2.9299999999999998e-24,2.93,0.47,0.48,179.0,6.94e+18,MISSE 10,nadir,https://ntrs.nasa.gov/api/citations/20250003756/downloads/de%20Groh%20PCE%201-4%20AO%20Ey%20TM%2020250003756%20Final.pdf
Polyimide (PMDA) (Kapton HN),,[*]c1ccc(Oc2ccc(-n3c(=O)c4cc5c(=O)n([*])c(=O)c5cc4c3=O)cc2)cc1,1,5,0.127,1.2099999999999999e-24,1.21,0.08,0.48,179.0,6.94e+18,MISSE 10,nadir,https://ntrs.nasa.gov/api/citations/20250003756/downloads/de%20Groh%20PCE%201-4%20AO%20Ey%20TM%2020250003756%20Final.pdf
Fluorinated ethylene propylene [Teflon FEP],,[*]C(F)(F)C(F)(F)C(F)(F)C([*])(F)C(F)(F)F,1,5,0.127,6.4e-25,0.64,-0.193820026,1.17,1872.0,3.93e+20,MISSE 10,ram,https://ntrs.nasa.gov/api/citations/20250003756/downloads/de%20Groh%20PCE%201-4%20AO%20Ey%20TM%2020250003756%20Final.pdf
Fluorinated ethylene propylene [Teflon FEP],back surface aluminized,[*]C(F)(F)C(F)(F)C(F)(F)C([*])(F)C(F)(F)F,1,5,0.127,6.52e-25,0.652,-0.185752404,1.17,1872.0,3.93e+20,MISSE 10,ram,https://ntrs.nasa.gov/api/citations/20250003756/downloads/de%20Groh%20PCE%201-4%20AO%20Ey%20TM%2020250003756%20Final.pdf
Fluorinated ethylene propylene [Teflon FEP],interlayer carbon painted (India Ink),[*]C(F)(F)C(F)(F)C(F)(F)C([*])(F)C(F)(F)F,1,14,0.3556,1.5e-24,1.5,0.176091259,1.17,1872.0,3.93e+20,MISSE 10,ram,https://ntrs.nasa.gov/api/citations/20250003756/downloads/de%20Groh%20PCE%201-4%20AO%20Ey%20TM%2020250003756%20Final.pdf
Polyimide (PMDA) (Kapton HN),,[*]c1ccc(Oc2ccc(-n3c(=O)c4cc5c(=O)n([*])c(=O)c5cc4c3=O)cc2)cc1,2,5,0.127,2.9499999999999997e-24,2.95,0.469822016,1.17,1872.0,3.93e+20,MISSE 10,ram,https://ntrs.nasa.gov/api/citations/20250003756/downloads/de%20Groh%20PCE%201-4%20AO%20Ey%20TM%2020250003756%20Final.pdf
Polyimide (PMDA) (Kapton H),,[*]c1ccc(Oc2ccc(-n3c(=O)c4cc5c(=O)n([*])c(=O)c5cc4c3=O)cc2)cc1,2,5,0.127,3e-24,3.0,0.477121255,1.17,1872.0,3.93e+20,MISSE 10,ram,https://ntrs.nasa.gov/api/citations/20250003756/downloads/de%20Groh%20PCE%201-4%20AO%20Ey%20TM%2020250003756%20Final.pdf
Polyimide (BPDA) (Upilex-S),,[*]c1ccc2c(c1)C(=O)N(c1ccc(N3C(=O)c4ccc([*])cc4C3=O)cc1)C2=O,2,1,0.0254,2.4099999999999998e-24,2.41,0.382017043,1.17,1872.0,3.93e+20,MISSE 10,ram,https://ntrs.nasa.gov/api/citations/20250003756/downloads/de%20Groh%20PCE%201-4%20AO%20Ey%20TM%2020250003756%20Final.pdf
Crystalline polyvinyl fluoride (white Tedlar),white pigment,[*]CC([*])F,1,2,0.0508,6.44e-25,0.644,-0.191114133,1.17,1872.0,3.93e+20,MISSE 10,ram,https://ntrs.nasa.gov/api/citations/20250003756/downloads/de%20Groh%20PCE%201-4%20AO%20Ey%20TM%2020250003756%20Final.pdf
Polyethylene naphthalate,,[*]OCCOC(=O)c1ccc2cc(C([*])=O)ccc2c1,2,2.95,0.07493,3.3e-24,3.3,0.51851394,1.17,1872.0,3.93e+20,MISSE 10,ram,https://ntrs.nasa.gov/api/citations/20250003756/downloads/de%20Groh%20PCE%201-4%20AO%20Ey%20TM%2020250003756%20Final.pdf
Fluorinated ethylene propylene (Teflon FEP),,[*]C(F)(F)C(F)(F)C(F)(F)C([*])(F)C(F)(F)F,1,5,0.127,1.1399999999999999e-23,11.4,1.06,0.69,1967.0,4.84e+18,MISSE 10,zenith,https://ntrs.nasa.gov/api/citations/20250003756/downloads/de%20Groh%20PCE%201-4%20AO%20Ey%20TM%2020250003756%20Final.pdf
Fluorinated ethylene propylene [Teflon FEP] (FEP/Al),aluminum,[*]C(F)(F)C(F)(F)C(F)(F)C([*])(F)C(F)(F)F,1,5,0.127,1.1499999999999999e-23,11.5,1.06,0.69,1967.0,4.84e+18,MISSE 10,zenith,https://ntrs.nasa.gov/api/citations/20250003756/downloads/de%20Groh%20PCE%201-4%20AO%20Ey%20TM%2020250003756%20Final.pdf
Fluorinated ethylene propylene [Teflon FEP] (FEP/C/FEP),interlayer carbon painted (India Ink),[*]C(F)(F)C(F)(F)C(F)(F)C([*])(F)C(F)(F)F,1,14,0.3556,5.409999999999999e-23,54.1,1.73,0.69,1967.0,4.84e+18,MISSE 10,zenith,https://ntrs.nasa.gov/api/citations/20250003756/downloads/de%20Groh%20PCE%201-4%20AO%20Ey%20TM%2020250003756%20Final.pdf
Polyimide (PMDA) (Kapton HN),,[*]c1ccc(Oc2ccc(-n3c(=O)c4cc5c(=O)n([*])c(=O)c5cc4c3=O)cc2)cc1,1,5,0.127,1.1e-24,1.1,0.04,0.69,1967.0,4.84e+18,MISSE 10,zenith,https://ntrs.nasa.gov/api/citations/20250003756/downloads/de%20Groh%20PCE%201-4%20AO%20Ey%20TM%2020250003756%20Final.pdf
Fluorinated ethylene propylene [Teflon FEP],back surface aluminized,[*]C(F)(F)C(F)(F)C(F)(F)C([*])(F)C(F)(F)F,1,5,0.127,6.36e-25,0.636,-0.196542884,0.89,1424.0,2.97e+20,MISSE 12,ram,https://ntrs.nasa.gov/api/citations/20250003756/downloads/de%20Groh%20PCE%201-4%20AO%20Ey%20TM%2020250003756%20Final.pdf
Fluorinated ethylene propylene [Teflon FEP],,[*]C(F)(F)C(F)(F)C(F)(F)C([*])(F)C(F)(F)F,1,5,0.127,6.5e-25,0.65,-0.187086643,0.89,1424.0,2.97e+20,MISSE 12,ram,https://ntrs.nasa.gov/api/citations/20250003756/downloads/de%20Groh%20PCE%201-4%20AO%20Ey%20TM%2020250003756%20Final.pdf
Fluorinated ethylene propylene [Teflon FEP],back surface spray painted with BBQ black (carbon) paint*,[*]C(F)(F)C(F)(F)C(F)(F)C([*])(F)C(F)(F)F,1,14,0.3556,1.13e-24,1.13,0.053078443,0.89,1424.0,2.97e+20,MISSE 12,ram,https://ntrs.nasa.gov/api/citations/20250003756/downloads/de%20Groh%20PCE%201-4%20AO%20Ey%20TM%2020250003756%20Final.pdf
Kapton XC,StaMet,[*]c1ccc(Oc2ccc(-n3c(=O)c4cc5c(=O)n([*])c(=O)c5cc4c3=O)cc2)cc1,1,1,0.0254,2.4600000000000002e-26,0.0246,-1.609064893,0.89,1424.0,2.97e+20,MISSE 12,ram,https://ntrs.nasa.gov/api/citations/20250003756/downloads/de%20Groh%20PCE%201-4%20AO%20Ey%20TM%2020250003756%20Final.pdf
Kapton,CV1144-0,[*]c1ccc(Oc2ccc(-n3c(=O)c4cc5c(=O)n([*])c(=O)c5cc4c3=O)cc2)cc1,1,3,0.0762,6.6599999999999995e-25,0.666,-0.176525771,0.89,1424.0,2.97e+20,MISSE 12,ram,https://ntrs.nasa.gov/api/citations/20250003756/downloads/de%20Groh%20PCE%201-4%20AO%20Ey%20TM%2020250003756%20Final.pdf
Polyimide (PMDA) (Kapton H),,[*]c1ccc(Oc2ccc(-n3c(=O)c4cc5c(=O)n([*])c(=O)c5cc4c3=O)cc2)cc1,2,5,0.127,3e-24,3.0,0.477121255,0.89,1424.0,2.97e+20,MISSE 12,ram,https://ntrs.nasa.gov/api/citations/20250003756/downloads/de%20Groh%20PCE%201-4%20AO%20Ey%20TM%2020250003756%20Final.pdf
Crystalline polyvinyl fluoride (white Tedlar),white pigment,[*]CC([*])F,1,2,0.0508,7.44e-25,0.744,-0.128427064,0.89,1424.0,2.97e+20,MISSE 12,ram,https://ntrs.nasa.gov/api/citations/20250003756/downloads/de%20Groh%20PCE%201-4%20AO%20Ey%20TM%2020250003756%20Final.pdf
Fluorinated ethylene propylene (Teflon FEP),,[*]C(F)(F)C(F)(F)C(F)(F)C([*])(F)C(F)(F)F,1,5,0.127,3.25e-24,3.25,0.51,0.44,587.0,4.77e+18,MISSE 15,wake,https://ntrs.nasa.gov/api/citations/20250003756/downloads/de%20Groh%20PCE%201-4%20AO%20Ey%20TM%2020250003756%20Final.pdf
Fluorinated ethylene propylene [Teflon FEP] (FEP/Al),back surface aluminized,[*]C(F)(F)C(F)(F)C(F)(F)C([*])(F)C(F)(F)F,1,5,0.127,3.68e-24,3.68,0.57,0.44,587.0,4.77e+18,MISSE 15,wake,https://ntrs.nasa.gov/api/citations/20250003756/downloads/de%20Groh%20PCE%201-4%20AO%20Ey%20TM%2020250003756%20Final.pdf
Fluorinated ethylene propylene [Teflon FEP],back-surface spray painted with BBQ black (carbon) paint,[*]C(F)(F)C(F)(F)C(F)(F)C([*])(F)C(F)(F)F,1,14,0.3556,1.92e-23,19.2,1.28,0.44,587.0,4.77e+18,MISSE 15,wake,https://ntrs.nasa.gov/api/citations/20250003756/downloads/de%20Groh%20PCE%201-4%20AO%20Ey%20TM%2020250003756%20Final.pdf
Kapton XC,StaMet,[*]c1ccc(Oc2ccc(-n3c(=O)c4cc5c(=O)n([*])c(=O)c5cc4c3=O)cc2)cc1,1,1,0.0254,1.3e-24,1.3,0.11,0.44,587.0,4.77e+18,MISSE 15,wake,https://ntrs.nasa.gov/api/citations/20250003756/downloads/de%20Groh%20PCE%201-4%20AO%20Ey%20TM%2020250003756%20Final.pdf
Kapton HN/Al,indium tin oxide,[*]c1ccc(Oc2ccc(-n3c(=O)c4cc5c(=O)n([*])c(=O)c5cc4c3=O)cc2)cc1,1,2,0.0508,9.74e-25,0.97,-0.01,0.44,587.0,4.77e+18,MISSE 15,wake,https://ntrs.nasa.gov/api/citations/20250003756/downloads/de%20Groh%20PCE%201-4%20AO%20Ey%20TM%2020250003756%20Final.pdf
Polyvinyl chloride,,[*]CC([*])Cl,1,5,0.127,2.86e-23,28.6,1.46,0.44,587.0,4.77e+18,MISSE 15,wake,https://ntrs.nasa.gov/api/citations/20250003756/downloads/de%20Groh%20PCE%201-4%20AO%20Ey%20TM%2020250003756%20Final.pdf
Fluorinated ethylene propylene [Teflon FEP] (FEP/Al),back surface aluminized,[*]C(F)(F)C(F)(F)C(F)(F)C([*])(F)C(F)(F)F,1,5,0.127,6.0099999999999995e-24,6.01,0.778874472,0.44,587.0,2.65e+18,MISSE 13,wake,https://ntrs.nasa.gov/api/citations/20250003756/downloads/de%20Groh%20PCE%201-4%20AO%20Ey%20TM%2020250003756%20Final.pdf
Fluorinated ethylene propylene [Teflon FEP] (FEP/Al),back surface aluminized,[*]C(F)(F)C(F)(F)C(F)(F)C([*])(F)C(F)(F)F,1,5,0.127,1.2299999999999998e-23,12.3,1.09,0.46,1311.0,2.24e+18,MISSE 13,zenith,https://ntrs.nasa.gov/api/citations/20250003756/downloads/de%20Groh%20PCE%201-4%20AO%20Ey%20TM%2020250003756%20Final.pdf
Polyetheretherketone [VictrexTM PEEK 450],,[*]C(=O)c1ccc(Oc2ccc(Oc3ccc([*])cc3)cc2)cc1,6,3,0.0762,2.99e-24,2.99,0.475671188,4.0,6300.0,8.43e+21,MISSE 2,ram,https://ntrs.nasa.gov/api/citations/20190025445/downloads/20190025445.pdf
"Chlorotrifluoroethylene [Kel-F, Neoflon M-300]",,[*]C(F)(F)C([*])(F)Cl,1,5,0.127,8.31e-25,0.831,-0.080398976,4.0,6300.0,8.43e+21,MISSE 2,ram,https://ntrs.nasa.gov/api/citations/20190025445/downloads/20190025445.pdf
Polytetrafluoroethylene [CHEMFILM DF100],,[*]C(F)(F)C([*])(F)F,1,2,0.0508,1.4199999999999999e-25,0.142,-0.847711656,4.0,6300.0,8.43e+21,MISSE 2,ram,https://ntrs.nasa.gov/api/citations/20190025445/downloads/20190025445.pdf
Fluorinated ethylene propylene [Teflon FEP],,[*]C(F)(F)C(F)(F)C(F)(F)C([*])(F)C(F)(F)F,1,2,0.0508,2e-25,0.2,-0.698970004,4.0,6300.0,8.43e+21,MISSE 2,ram,https://ntrs.nasa.gov/api/citations/20190025445/downloads/20190025445.pdf
Fluorinated ethylene propylene [Teflon FEP],back surface aluminized,[*]C(F)(F)C(F)(F)C(F)(F)C([*])(F)C(F)(F)F,1,5,0.127,2.11e-25,0.211,-0.675717545,4.0,6300.0,8.51e+21,MISSE 2,ram,https://ntrs.nasa.gov/api/citations/20190025445/downloads/20190025445.pdf
Polyimide (PMDA) [Kapton HN],,[*]c1ccc(Oc2ccc(-n3c(=O)c4cc5c(=O)n([*])c(=O)c5cc4c3=O)cc2)cc1,3,5,0.127,2.8099999999999998e-24,2.81,0.44870632,4.0,6300.0,8.43e+21,MISSE 2,ram,https://ntrs.nasa.gov/api/citations/20190025445/downloads/20190025445.pdf
PI (PMDA) [Kapton HN],,[*]c1ccc(Oc2ccc(-n3c(=O)c4cc5c(=O)n([*])c(=O)c5cc4c3=O)cc2)cc1,3,5,0.127,2.75e-24,2.75,0.439332694,4.0,6300.0,8.51e+21,MISSE 2,ram,https://ntrs.nasa.gov/api/citations/20190025445/downloads/20190025445.pdf
Polysulfone [Thermalux (Udel P-1700 NT 11)],,[*]c1ccc(Oc2ccc(S(=O)(=O)c3ccc(Oc4ccc(C([*])(C)C)cc4)cc3)cc2)cc1,6,2,0.0508,2.9399999999999998e-24,2.94,0.46834733,4.0,6300.0,8.43e+21,MISSE 2,ram,https://ntrs.nasa.gov/api/citations/20190025445/downloads/20190025445.pdf
Polyimide (BPDA) [Upilex-S],,[*]c1ccc2c(c1)C(=O)N(c1ccc(N3C(=O)c4ccc([*])cc4C3=O)cc1)C2=O,11,1,0.0254,9.22e-25,0.922,-0.035269079,4.0,6300.0,8.43e+21,MISSE 2,ram,https://ntrs.nasa.gov/api/citations/20190025445/downloads/20190025445.pdf
Polyimide (BPDA) [Upilex-S],,[*]c1ccc2c(c1)C(=O)N(c1ccc(N3C(=O)c4ccc([*])cc4C3=O)cc1)C2=O,9,1,0.0254,9.76e-25,0.976,-0.010550182,4.0,6300.0,8.43e+21,MISSE 2,ram,https://ntrs.nasa.gov/api/citations/20190025445/downloads/20190025445.pdf
"Polyimide, clear [CP1-300]",,[*]c1ccc2c(c1)C(=O)N(c1ccc(Oc3ccc(C(c4ccc(Oc5ccc(N6C(=O)c7ccc(C([*])(C(F)(F)F)C(F)(F)F)cc7C6=O)cc5)cc4)(C(F)(F)F)C(F)(F)F)cc3)cc1)C2=O,4,3,0.0762,1.9099999999999997e-24,1.91,0.281033367,4.0,6300.0,8.43e+21,MISSE 2,ram,https://ntrs.nasa.gov/api/citations/20190025445/downloads/20190025445.pdf
Polyvinylidene fluoride [Kynar 740],,[*]CC([*])(F)F,2,3,0.0762,1.29e-24,1.29,0.11058971,4.0,6300.0,8.43e+21,MISSE 2,ram,https://ntrs.nasa.gov/api/citations/20190025445/downloads/20190025445.pdf
Polypropylene [Contour 28],,[*]CC([*])C,1,20,0.508,2.6799999999999998e-24,2.68,0.428134794,4.0,6300.0,8.43e+21,MISSE 2,ram,https://ntrs.nasa.gov/api/citations/20190025445/downloads/20190025445.pdf
Polystyrene [TryciteTM 1000],,[*]CC([*])c1ccccc1,11,2,0.0508,3.74e-24,3.74,0.572871602,4.0,6300.0,8.43e+21,MISSE 2,ram,https://ntrs.nasa.gov/api/citations/20190025445/downloads/20190025445.pdf
Crystalline polyvinyl fluoride [White Tedlar TW10B53],white pigment,[*]CC([*])F,13,1,0.0254,1.1e-25,0.11,-0.958607315,4.0,6300.0,8.43e+21,MISSE 2,ram,https://ntrs.nasa.gov/api/citations/20190025445/downloads/20190025445.pdf
Polyvinylfluoride Tedlar (TTR10SG3),,[*]CC([*])F,13,1,0.0254,3.1899999999999998e-24,3.19,0.503790683,4.0,6300.0,8.43e+21,MISSE 2,ram,https://ntrs.nasa.gov/api/citations/20190025445/downloads/20190025445.pdf
Ethylene chlorotrifluoroethylene [Halar 300],,[*]CCC(F)(Cl)C([*])(F)F,3,3,0.0762,1.79e-24,1.79,0.252853031,4.0,6300.0,8.43e+21,MISSE 2,ram,https://ntrs.nasa.gov/api/citations/20190025445/downloads/20190025445.pdf
Ethylene tetrafluoroethylene [Tefzel ZM],,[*]CCC(F)(F)C([*])(F)F,1,2,0.0508,9.61e-25,0.961,-0.017276612,4.0,6300.0,8.43e+21,MISSE 2,ram,https://ntrs.nasa.gov/api/citations/20190025445/downloads/20190025445.pdf
Poly(p-phenylene terephthalamide) [Kevlar 29 fabric],,[*]CONc1ccc(NOCc2ccc([*])cc2)cc1,3,2.2,0.05588,6.28e-25,0.628,-0.202040356,4.0,6300.0,8.43e+21,MISSE 2,ram,https://ntrs.nasa.gov/api/citations/20190025445/downloads/20190025445.pdf
Polyethylene terephthalate [Mylar A-200],,[*]OCCOC(=O)c1ccc(C([*])=O)cc1,8,2,0.0508,3.01e-24,3.01,0.478566496,4.0,6300.0,8.43e+21,MISSE 2,ram,https://ntrs.nasa.gov/api/citations/20190025445/downloads/20190025445.pdf
Fluorinated ethylene propylene [Teflon FEP],back surface silver/niobium,[*]C(F)(F)C(F)(F)C(F)(F)C([*])(F)C(F)(F)F,1,1,0.0254,1.28e-25,0.128,-0.89279003,1.0,1400.0,2.15e+21,MISSE 4,ram,https://ntrs.nasa.gov/api/citations/20190025445/downloads/20190025445.pdf
Kapton XC with Nomex scrim,germanium,[*]c1ccc(Oc2ccc(-n3c(=O)c4cc5c(=O)n([*])c(=O)c5cc4c3=O)cc2)cc1,1,1,0.0254,1.6500000000000002e-26,0.0165,-1.782516056,1.0,1400.0,2.15e+21,MISSE 4,ram,https://ntrs.nasa.gov/api/citations/20190025445/downloads/20190025445.pdf
Polyimide (PMDA) [Kapton HN],,[*]c1ccc(Oc2ccc(-n3c(=O)c4cc5c(=O)n([*])c(=O)c5cc4c3=O)cc2)cc1,7,5,0.127,2.8299999999999997e-24,2.83,0.451786436,1.0,1400.0,2.15e+21,MISSE 4,ram,https://ntrs.nasa.gov/api/citations/20190025445/downloads/20190025445.pdf
Polyimide (BPDA) [Upilex-S],,[*]c1ccc2c(c1)C(=O)N(c1ccc(N3C(=O)c4ccc([*])cc4C3=O)cc1)C2=O,21,1,0.0254,1.71e-24,1.71,0.23299611,1.0,1400.0,2.15e+21,MISSE 4,ram,https://ntrs.nasa.gov/api/citations/20190025445/downloads/20190025445.pdf
"Polyimide, clear [CP1]",,[*]c1ccc2c(c1)C(=O)N(c1ccc(Oc3ccc(C(c4ccc(Oc5ccc(N6C(=O)c7ccc(C([*])(C(F)(F)F)C(F)(F)F)cc7C6=O)cc5)cc4)(C(F)(F)F)C(F)(F)F)cc3)cc1)C2=O,20,1,0.0254,2.26e-24,2.26,0.354108439,1.0,1400.0,2.15e+21,MISSE 4,ram,https://ntrs.nasa.gov/api/citations/20190025445/downloads/20190025445.pdf
Polytetrafluoroethylene [CHEMFILM DF100],,[*]C(F)(F)C([*])(F)F,4,5,0.127,1.33e-25,0.133,-0.876148359,1.5,2600.0,1.97e+21,MISSE 6,ram,https://ntrs.nasa.gov/api/citations/20190025445/downloads/20190025445.pdf
Fluorinated ethylene propylene [Teflon FEP],,[*]C(F)(F)C(F)(F)C(F)(F)C([*])(F)C(F)(F)F,4,5,0.127,1.69e-25,0.169,-0.772113295,1.5,2600.0,1.97e+21,MISSE 6,ram,https://ntrs.nasa.gov/api/citations/20190025445/downloads/20190025445.pdf
"Fluorinated ethylene propylene, preflight heated 380 hr at 200 C",back surface aluminized,[*]C(F)(F)C(F)(F)C(F)(F)C([*])(F)C(F)(F)F,1,5,0.127,2.26e-25,0.226,-0.645891561,1.5,2600.0,1.97e+21,MISSE 6,ram,https://ntrs.nasa.gov/api/citations/20190025445/downloads/20190025445.pdf
Polyethylene,,[*]C[*],10,2,0.0508,4.05e-24,4.05,0.607455023,1.5,2600.0,1.97e+21,MISSE 6,ram,https://ntrs.nasa.gov/api/citations/20190025445/downloads/20190025445.pdf
Polyimide [Kapton XC (10^7 ohm/sq)],,[*]c1ccc(Oc2ccc(-n3c(=O)c4cc5c(=O)n([*])c(=O)c5cc4c3=O)cc2)cc1,4,5,0.127,2.2e-24,2.2,0.342422681,1.5,2600.0,1.97e+21,MISSE 6,ram,https://ntrs.nasa.gov/api/citations/20190025445/downloads/20190025445.pdf
Polyimide (BPDA) [Upilex-S],,[*]c1ccc2c(c1)C(=O)N(c1ccc(N3C(=O)c4ccc([*])cc4C3=O)cc1)C2=O,20,1,0.0254,1.65e-24,1.65,0.217483944,1.5,2600.0,1.97e+21,MISSE 6,ram,https://ntrs.nasa.gov/api/citations/20190025445/downloads/20190025445.pdf
"Polyimide, clear [CP1]",,[*]c1ccc2c(c1)C(=O)N(c1ccc(Oc3ccc(C(c4ccc(Oc5ccc(N6C(=O)c7ccc(C([*])(C(F)(F)F)C(F)(F)F)cc7C6=O)cc5)cc4)(C(F)(F)F)C(F)(F)F)cc3)cc1)C2=O,20,1,0.0254,2.1599999999999998e-24,2.16,0.334453751,1.5,2600.0,1.97e+21,MISSE 6,ram,https://ntrs.nasa.gov/api/citations/20190025445/downloads/20190025445.pdf
Polybenzimidazole [Celazole PBI 22],,[*]c1cccc(-c2nc3ccc(-c4ccc5nc([*])[nH]c5c4)cc3[nH]2)c1,5,4,0.1016,4.55e-24,4.55,0.658011397,1.5,2600.0,1.97e+21,MISSE 6,ram,https://ntrs.nasa.gov/api/citations/20190025445/downloads/20190025445.pdf
"Polymethyl methacrylate, impact modified [Plexiglas; Acrylite]",,[*]CC([*])(C)C(=O)OC,10,2,0.0508,5.28e-24,5.28,0.722633923,1.5,2600.0,1.97e+21,MISSE 6,ram,https://ntrs.nasa.gov/api/citations/20190025445/downloads/20190025445.pdf
Polyethylene terephthalate [Mylar A-500],,[*]OCCOC(=O)c1ccc(C([*])=O)cc1,4,5,0.127,3.2199999999999997e-24,3.22,0.507855872,1.5,2600.0,1.97e+21,MISSE 6,ram,https://ntrs.nasa.gov/api/citations/20190025445/downloads/20190025445.pdf
Fluorinated ethylene propylene [Teflon FEP],titanium oxide/aluminum oxide,[*]C(F)(F)C(F)(F)C(F)(F)C([*])(F)C(F)(F)F,1,2,0.0508,7.99e-28,0.000799,-3.097453221,2.0,2400.0,4.22e+21,MISSE 7,ram,https://ntrs.nasa.gov/api/citations/20190025445/downloads/20190025445.pdf
Fluorinated ethylene propylene [Teflon FEP],back surface carbon-painted,[*]C(F)(F)C(F)(F)C(F)(F)C([*])(F)C(F)(F)F,1,2,0.0508,1.57e-25,0.157,-0.804100348,1.5,2400.0,4.22e+21,MISSE 7,ram,https://ntrs.nasa.gov/api/citations/20190025445/downloads/20190025445.pdf
Polyethylene,,[*]C[*],18,2,0.0508,4.11e-24,4.11,0.613841822,1.5,2400.0,4.22e+21,MISSE 7,ram,https://ntrs.nasa.gov/api/citations/20190025445/downloads/20190025445.pdf
Polyimide (PMDA) [Kapton HN],,[*]c1ccc(Oc2ccc(-n3c(=O)c4cc5c(=O)n([*])c(=O)c5cc4c3=O)cc2)cc1,4,5,0.127,3.01e-24,3.01,0.478566496,1.5,2400.0,4.22e+21,MISSE 7,ram,https://ntrs.nasa.gov/api/citations/20190025445/downloads/20190025445.pdf
Polyimide [Vespel],,[*]c1ccc(Oc2ccc(-n3c(=O)c4cc5c(=O)n([*])c(=O)c5cc4c3=O)cc2)cc1,1,20,0.508,2.9399999999999998e-24,2.94,0.46834733,1.5,2400.0,4.22e+21,MISSE 7,ram,https://ntrs.nasa.gov/api/citations/20190025445/downloads/20190025445.pdf
"Polyimide (PMDA), 0.75-in. square [Kapton H]",,[*]c1ccc(Oc2ccc(-n3c(=O)c4cc5c(=O)n([*])c(=O)c5cc4c3=O)cc2)cc1,4,5,0.127,3.0499999999999998e-24,3.05,0.484299839,1.5,2400.0,4.22e+21,MISSE 7,ram,https://ntrs.nasa.gov/api/citations/20190025445/downloads/20190025445.pdf
Polypropylene [Contour 28],,[*]CC([*])C,1,20,0.508,3.12e-24,3.12,0.494154594,1.5,2400.0,4.22e+21,MISSE 7,ram,https://ntrs.nasa.gov/api/citations/20190025445/downloads/20190025445.pdf
Polymethylpentene [TPX DX845 Natural],,[*]CC([*])CC(C)C,9,2,0.0508,4.4499999999999995e-24,4.45,0.648360011,1.5,2400.0,4.22e+21,MISSE 7,ram,https://ntrs.nasa.gov/api/citations/20190025445/downloads/20190025445.pdf
Polyvinyl chloride [Clear-Lay rigid PVC],,[*]CC([*])Cl,1,5,0.127,1.74e-24,1.74,0.240549248,1.5,2400.0,4.22e+21,MISSE 7,ram,https://ntrs.nasa.gov/api/citations/20190025445/downloads/20190025445.pdf
Crystalline polyvinyl fluoride [White Tedlar],white pigment,[*]CC([*])F,1,2,0.0508,1.48e-25,0.148,-0.829738285,1.5,2400.0,4.22e+21,MISSE 7,ram,https://ntrs.nasa.gov/api/citations/20190025445/downloads/20190025445.pdf
Chlorotrifluoroethylene (CTFE),,[*]C(F)(F)C([*])(F)Cl,2,5,0.127,2.1499999999999998e-24,2.15,0.33243846,1.5,4300.0,1.58e+20,MISSE 7,zenith,https://ntrs.nasa.gov/api/citations/20190025445/downloads/20190025445.pdf
Polytetrafluoroethylene (PTFE),,[*]C(F)(F)C([*])(F)F,1,5,0.127,9.19e-25,0.92,-0.036684489,1.5,4300.0,1.58e+20,MISSE 7,zenith,https://ntrs.nasa.gov/api/citations/20190025445/downloads/20190025445.pdf
Fluorinated ethylene propylene [Teflon FEP],,[*]C(F)(F)C(F)(F)C(F)(F)C([*])(F)C(F)(F)F,1,5,0.127,9.74e-25,0.97,-0.011441043,1.5,4300.0,1.58e+20,MISSE 7,zenith,https://ntrs.nasa.gov/api/citations/20190025445/downloads/20190025445.pdf
Fluorinated ethylene propylene [Teflon FEP] (FEP/Al),back surface aluminized,[*]C(F)(F)C(F)(F)C(F)(F)C([*])(F)C(F)(F)F,1,5,0.127,2.22e-24,2.22,0.346352974,1.5,4300.0,1.58e+20,MISSE 7,zenith,https://ntrs.nasa.gov/api/citations/20190025445/downloads/20190025445.pdf
Fluorinated ethylene propylene [Teflon FEP] (FEP/Ag),back surface silver,[*]C(F)(F)C(F)(F)C(F)(F)C([*])(F)C(F)(F)F,1,5,0.127,1.17e-24,1.17,0.068185862,1.5,4300.0,1.58e+20,MISSE 7,zenith,https://ntrs.nasa.gov/api/citations/20190025445/downloads/20190025445.pdf
Fluorinated ethylene propylene [Teflon FEP] (Al2O3/FEP),aluminum oxide,[*]C(F)(F)C(F)(F)C(F)(F)C([*])(F)C(F)(F)F,1,2,0.0508,6.220000000000001e-26,0.06,-1.206209615,1.5,4300.0,1.58e+20,MISSE 7,zenith,https://ntrs.nasa.gov/api/citations/20190025445/downloads/20190025445.pdf
Fluorinated ethylene propylene [Teflon FEP] (TiO2/Al2O3/FEP),titanium oxide/aluminum oxide,[*]C(F)(F)C(F)(F)C(F)(F)C([*])(F)C(F)(F)F,1,2,0.0508,1.4e-26,0.01,-1.853871964,1.5,4300.0,1.58e+20,MISSE 7,zenith,https://ntrs.nasa.gov/api/citations/20190025445/downloads/20190025445.pdf
Polyethylene (low oxygen),,[*]C[*],8,5,0.127,8.13e-24,8.13,0.910090546,1.5,4300.0,1.58e+20,MISSE 7,zenith,https://ntrs.nasa.gov/api/citations/20190025445/downloads/20190025445.pdf
Polyvinylidene fluoride (PVDF),,[*]CC([*])(F)F,2,3,0.0762,1.74e-24,1.74,0.240549248,1.5,4300.0,1.58e+20,MISSE 7,zenith,https://ntrs.nasa.gov/api/citations/20190025445/downloads/20190025445.pdf
Polyvinyl fluoride (PVF),,[*]CC([*])F,12,3,0.0762,1.44e-24,1.44,0.158362492,1.5,4300.0,1.58e+20,MISSE 7,zenith,https://ntrs.nasa.gov/api/citations/20190025445/downloads/20190025445.pdf
Ethylene-chlorotrifluoroethylene (ECTFE),,[*]CCC(F)(Cl)C([*])(F)F,3,3,0.0762,3.5599999999999995e-24,3.56,0.551449998,1.5,4300.0,1.58e+20,MISSE 7,zenith,https://ntrs.nasa.gov/api/citations/20190025445/downloads/20190025445.pdf
Ethylene-tetrafluoroethylene copolymer (ETFE),,[*]CCC(F)(F)C([*])(F)F,2,5,0.127,1.49e-24,1.49,0.173186268,1.5,4300.0,1.58e+20,MISSE 7,zenith,https://ntrs.nasa.gov/api/citations/20190025445/downloads/20190025445.pdf
Crystalline polyvinyl fluoride [White Tedlar TW10B53],white pigment,[*]CC([*])F,7,1,0.0254,1.45e-25,0.145,-0.838631998,2.0,3200.0,4.62e+21,MISSE 8,ram,https://ntrs.nasa.gov/api/citations/20190025445/downloads/20190025445.pdf
Polytetrafluoroethylene [CHEMFILM DF100],,[*]C(F)(F)C([*])(F)F,1,5,0.127,3.81e-25,0.381,-0.419075024,0.77,1232.0,3.44e+20,MISSE 9,ram,https://ntrs.nasa.gov/api/citations/20250003756/downloads/de%20Groh%20PCE%201-4%20AO%20Ey%20TM%2020250003756%20Final.pdf
Fluorinated ethylene propylene [Teflon FEP],silver and Inconel,[*]C(F)(F)C(F)(F)C(F)(F)C([*])(F)C(F)(F)F,1,5,0.127,5.19e-25,0.519,-0.284832642,0.77,1232.0,3.44e+20,MISSE 9,ram,https://ntrs.nasa.gov/api/citations/20250003756/downloads/de%20Groh%20PCE%201-4%20AO%20Ey%20TM%2020250003756%20Final.pdf
Fluorinated ethylene propylene [Teflon FEP],back surface aluminized,[*]C(F)(F)C(F)(F)C(F)(F)C([*])(F)C(F)(F)F,1,5,0.127,5.26e-25,0.526,-0.279014256,0.77,1232.0,3.44e+20,MISSE 9,ram,https://ntrs.nasa.gov/api/citations/20250003756/downloads/de%20Groh%20PCE%201-4%20AO%20Ey%20TM%2020250003756%20Final.pdf
Fluorinated ethylene propylene [Teflon FEP],,[*]C(F)(F)C(F)(F)C(F)(F)C([*])(F)C(F)(F)F,1,5,0.127,5.28e-25,0.528,-0.277366077,0.77,1232.0,3.44e+20,MISSE 9,ram,https://ntrs.nasa.gov/api/citations/20250003756/downloads/de%20Groh%20PCE%201-4%20AO%20Ey%20TM%2020250003756%20Final.pdf
Fluorinated ethylene propylene [Teflon FEP],interlayer carbon painted (India Ink),[*]C(F)(F)C(F)(F)C(F)(F)C([*])(F)C(F)(F)F,1,14,0.3556,1.03e-24,1.03,0.012837225,0.77,1232.0,3.44e+20,MISSE 9,ram,https://ntrs.nasa.gov/api/citations/20250003756/downloads/de%20Groh%20PCE%201-4%20AO%20Ey%20TM%2020250003756%20Final.pdf
Polyethylene,,[*]C[*],5,2,0.0508,2.9199999999999998e-24,2.92,0.465382851,0.77,1232.0,3.44e+20,MISSE 9,ram,https://ntrs.nasa.gov/api/citations/20250003756/downloads/de%20Groh%20PCE%201-4%20AO%20Ey%20TM%2020250003756%20Final.pdf
Polyimide (PMDA) (Kapton H),,[*]c1ccc(Oc2ccc(-n3c(=O)c4cc5c(=O)n([*])c(=O)c5cc4c3=O)cc2)cc1,2,5,0.127,2.97e-24,2.97,0.472756449,0.77,1232.0,3.44e+20,MISSE 9,ram,https://ntrs.nasa.gov/api/citations/20250003756/downloads/de%20Groh%20PCE%201-4%20AO%20Ey%20TM%2020250003756%20Final.pdf
Polyimide (PMDA) (Kapton HN),,[*]c1ccc(Oc2ccc(-n3c(=O)c4cc5c(=O)n([*])c(=O)c5cc4c3=O)cc2)cc1,2,5,0.127,3.03e-24,3.03,0.481442629,0.77,1232.0,3.44e+20,MISSE 9,ram,https://ntrs.nasa.gov/api/citations/20250003756/downloads/de%20Groh%20PCE%201-4%20AO%20Ey%20TM%2020250003756%20Final.pdf
Polyimide (BPDA) (Upilex-S),,[*]c1ccc2c(c1)C(=O)N(c1ccc(N3C(=O)c4ccc([*])cc4C3=O)cc1)C2=O,2,1,0.0254,2.4399999999999997e-24,2.44,0.387389826,0.77,1232.0,3.44e+20,MISSE 9,ram,https://ntrs.nasa.gov/api/citations/20250003756/downloads/de%20Groh%20PCE%201-4%20AO%20Ey%20TM%2020250003756%20Final.pdf
Polyimide (CP1),,[*]c1ccc2c(c1)C(=O)N(c1ccc(Oc3ccc(C(c4ccc(Oc5ccc(N6C(=O)c7ccc(C([*])(C(F)(F)F)C(F)(F)F)cc7C6=O)cc5)cc4)(C(F)(F)F)C(F)(F)F)cc3)cc1)C2=O,2,3,0.0762,1.98e-24,1.98,0.29666519,0.77,1232.0,3.44e+20,MISSE 9,ram,https://ntrs.nasa.gov/api/citations/20250003756/downloads/de%20Groh%20PCE%201-4%20AO%20Ey%20TM%2020250003756%20Final.pdf
Crystalline polyvinyl fluoride (white Tedlar),white pigment,[*]CC([*])F,1,2,0.0508,6.85e-25,0.685,-0.164309429,0.77,1232.0,3.44e+20,MISSE 9,ram,https://ntrs.nasa.gov/api/citations/20250003756/downloads/de%20Groh%20PCE%201-4%20AO%20Ey%20TM%2020250003756%20Final.pdf
Polyethylene terephthalate (Mylar),,[*]OCCOC(=O)c1ccc(C([*])=O)cc1,4,2,0.0508,3.99e-24,3.99,0.600972896,0.77,1232.0,3.44e+20,MISSE 9,ram,https://ntrs.nasa.gov/api/citations/20250003756/downloads/de%20Groh%20PCE%201-4%20AO%20Ey%20TM%2020250003756%20Final.pdf
Fluorinated ethylene propylene (Teflon FEP),,[*]C(F)(F)C(F)(F)C(F)(F)C([*])(F)C(F)(F)F,1,5,0.127,5.42e-22,542.0,2.73,0.54,720.0,4.46e+16,MISSE 9,wake,https://ntrs.nasa.gov/api/citations/20250003756/downloads/de%20Groh%20PCE%201-4%20AO%20Ey%20TM%2020250003756%20Final.pdf
Fluorinated ethylene propylene [Teflon FEP] (FEP/Al),back surface aluminized,[*]C(F)(F)C(F)(F)C(F)(F)C([*])(F)C(F)(F)F,1,5,0.127,6.22e-22,622.0,2.79,0.54,720.0,4.46e+16,MISSE 9,wake,https://ntrs.nasa.gov/api/citations/20250003756/downloads/de%20Groh%20PCE%201-4%20AO%20Ey%20TM%2020250003756%20Final.pdf
Fluorinated ethylene propylene [Teflon FEP] (FEP/Ag/Inconel),silver and Inconel,[*]C(F)(F)C(F)(F)C(F)(F)C([*])(F)C(F)(F)F,1,5,0.127,5.26e-22,526.0,2.72,0.54,720.0,4.46e+16,MISSE 9,wake,https://ntrs.nasa.gov/api/citations/20250003756/downloads/de%20Groh%20PCE%201-4%20AO%20Ey%20TM%2020250003756%20Final.pdf
Fluorinated ethylene propylene [Teflon FEP] (FEP/C/FEP),interlayer carbon painted (India Ink),[*]C(F)(F)C(F)(F)C(F)(F)C([*])(F)C(F)(F)F,1,15,0.381,2.79e-21,2790.0,3.45,0.54,720.0,4.46e+16,MISSE 9,wake,https://ntrs.nasa.gov/api/citations/20250003756/downloads/de%20Groh%20PCE%201-4%20AO%20Ey%20TM%2020250003756%20Final.pdf
Fluorinated ethylene propylene [Teflon FEP],indium tin oxide coated-silver,[*]C(F)(F)C(F)(F)C(F)(F)C([*])(F)C(F)(F)F,1,5,0.127,2e-24,2.0,0.3,0.54,720.0,4.46e+16,MISSE 9,wake,https://ntrs.nasa.gov/api/citations/20250003756/downloads/de%20Groh%20PCE%201-4%20AO%20Ey%20TM%2020250003756%20Final.pdf
Fluorinated ethylene propylene [Teflon FEP],indium tin oxide coated silver,[*]C(F)(F)C(F)(F)C(F)(F)C([*])(F)C(F)(F)F,1,5,0.127,1.74e-24,1.74,0.24,0.54,720.0,4.46e+16,MISSE 9,wake,https://ntrs.nasa.gov/api/citations/20250003756/downloads/de%20Groh%20PCE%201-4%20AO%20Ey%20TM%2020250003756%20Final.pdf
Kapton HN/Al,indium tin oxide coated,[*]c1ccc(Oc2ccc(-n3c(=O)c4cc5c(=O)n([*])c(=O)c5cc4c3=O)cc2)cc1,1,2,0.0508,3.19e-23,31.9,1.5,0.54,720.0,4.46e+16,MISSE 9,wake,https://ntrs.nasa.gov/api/citations/20250003756/downloads/de%20Groh%20PCE%201-4%20AO%20Ey%20TM%2020250003756%20Final.pdf
Polyvinyl chloride,,[*]CC([*])Cl,1,5,0.127,1.7100000000000003e-21,1710.0,3.23,0.54,720.0,4.46e+16,MISSE 9,wake,https://ntrs.nasa.gov/api/citations/20250003756/downloads/de%20Groh%20PCE%201-4%20AO%20Ey%20TM%2020250003756%20Final.pdf
Chlorotrifluoroethylene (Kel-F),,[*]C(F)(F)C([*])(F)Cl,1,5,0.127,1.6399999999999998e-23,16.4,1.21,0.54,1539.0,3.19e+18,MISSE 9,zenith,https://ntrs.nasa.gov/api/citations/20250003756/downloads/de%20Groh%20PCE%201-4%20AO%20Ey%20TM%2020250003756%20Final.pdf
Polytetrafluoroethylene (PTFE),,[*]C(F)(F)C([*])(F)F,1,5,0.127,8.98e-24,8.98,0.95,0.54,1539.0,3.19e+18,MISSE 9,zenith,https://ntrs.nasa.gov/api/citations/20250003756/downloads/de%20Groh%20PCE%201-4%20AO%20Ey%20TM%2020250003756%20Final.pdf
Fluorinated ethylene propylene (Teflon FEP),,[*]C(F)(F)C(F)(F)C(F)(F)C([*])(F)C(F)(F)F,1,5,0.127,1.29e-23,12.9,1.11,0.54,1539.0,3.19e+18,MISSE 9,zenith,https://ntrs.nasa.gov/api/citations/20250003756/downloads/de%20Groh%20PCE%201-4%20AO%20Ey%20TM%2020250003756%20Final.pdf
Fluorinated ethylene propylene [Teflon FEP] (FEP/Al),aluminum,[*]C(F)(F)C(F)(F)C(F)(F)C([*])(F)C(F)(F)F,1,5,0.127,1.4399999999999997e-23,14.4,1.16,0.54,1539.0,3.19e+18,MISSE 9,zenith,https://ntrs.nasa.gov/api/citations/20250003756/downloads/de%20Groh%20PCE%201-4%20AO%20Ey%20TM%2020250003756%20Final.pdf
Fluorinated ethylene propylene [Teflon FEP] (FEP/Ag/Inconel),silver and Inconel,[*]C(F)(F)C(F)(F)C(F)(F)C([*])(F)C(F)(F)F,1,5,0.127,1.3299999999999998e-23,13.3,1.12,0.54,1539.0,3.19e+18,MISSE 9,zenith,https://ntrs.nasa.gov/api/citations/20250003756/downloads/de%20Groh%20PCE%201-4%20AO%20Ey%20TM%2020250003756%20Final.pdf
Fluorinated ethylene propylene [Teflon FEP] (FEP/C/FEP),interlayer carbon painted (India Ink),[*]C(F)(F)C(F)(F)C(F)(F)C([*])(F)C(F)(F)F,1,15,0.381,5.409999999999999e-23,54.1,1.73,0.54,1539.0,3.19e+18,MISSE 9,zenith,https://ntrs.nasa.gov/api/citations/20250003756/downloads/de%20Groh%20PCE%201-4%20AO%20Ey%20TM%2020250003756%20Final.pdf
Indium tin oxide coated silver-Teflon,,[*]C(F)(F)C(F)(F)C(F)(F)C([*])(F)C(F)(F)F,1,5,0.127,6.83e-27,0.01,-2.17,0.54,1539.0,3.19e+18,MISSE 9,zenith,https://ntrs.nasa.gov/api/citations/20250003756/downloads/de%20Groh%20PCE%201-4%20AO%20Ey%20TM%2020250003756%20Final.pdf
Polyethylene,,[*]C[*],1,2,0.0508,1.06e-23,10.6,1.03,0.54,1539.0,3.19e+18,MISSE 9,zenith,https://ntrs.nasa.gov/api/citations/20250003756/downloads/de%20Groh%20PCE%201-4%20AO%20Ey%20TM%2020250003756%20Final.pdf
Polyimide (PMDA) (Kapton HN),,[*]c1ccc(Oc2ccc(-n3c(=O)c4cc5c(=O)n([*])c(=O)c5cc4c3=O)cc2)cc1,1,5,0.127,3.79e-24,3.79,0.58,0.54,1539.0,3.19e+18,MISSE 9,zenith,https://ntrs.nasa.gov/api/citations/20250003756/downloads/de%20Groh%20PCE%201-4%20AO%20Ey%20TM%2020250003756%20Final.pdf
Polyimide (BPDA) (Upilex-S),,[*]c1ccc2c(c1)C(=O)N(c1ccc(N3C(=O)c4ccc([*])cc4C3=O)cc1)C2=O,1,1,0.0254,6.57e-25,0.66,-0.18,0.54,1539.0,3.19e+18,MISSE 9,zenith,https://ntrs.nasa.gov/api/citations/20250003756/downloads/de%20Groh%20PCE%201-4%20AO%20Ey%20TM%2020250003756%20Final.pdf
Polyvinylidene fluoride (Kynar),,[*]CC([*])(F)F,1,3,0.0762,6.68e-24,6.68,0.82,0.54,1539.0,3.19e+18,MISSE 9,zenith,https://ntrs.nasa.gov/api/citations/20250003756/downloads/de%20Groh%20PCE%201-4%20AO%20Ey%20TM%2020250003756%20Final.pdf
Polyvinyl fluoride (clear Tedlar),,[*]CC([*])F,1,1,0.0254,6.48e-24,6.48,0.81,0.54,1539.0,3.19e+18,MISSE 9,zenith,https://ntrs.nasa.gov/api/citations/20250003756/downloads/de%20Groh%20PCE%201-4%20AO%20Ey%20TM%2020250003756%20Final.pdf
Crystalline polyvinyl fluoride (white Tedlar),white pigment,[*]CC([*])F,1,2,0.0508,4.74e-24,4.74,0.68,0.54,1539.0,3.19e+18,MISSE 9,zenith,https://ntrs.nasa.gov/api/citations/20250003756/downloads/de%20Groh%20PCE%201-4%20AO%20Ey%20TM%2020250003756%20Final.pdf
Ethylene-chlorotrifluoroethylene (Halar),,[*]CCC(F)(Cl)C([*])(F)F,1,3,0.0762,2.07e-23,20.7,1.32,0.54,1539.0,3.19e+18,MISSE 9,zenith,https://ntrs.nasa.gov/api/citations/20250003756/downloads/de%20Groh%20PCE%201-4%20AO%20Ey%20TM%2020250003756%20Final.pdf
Ethylene-tetrafluoroethylene (Tefzel ZM),,[*]CCC(F)(F)C([*])(F)F,1,3,0.0762,4.0399999999999996e-24,4.04,0.61,0.54,1539.0,3.19e+18,MISSE 9,zenith,https://ntrs.nasa.gov/api/citations/20250003756/downloads/de%20Groh%20PCE%201-4%20AO%20Ey%20TM%2020250003756%20Final.pdf
PMDA-pp'-DABP,,[*]C(=O)c1ccc(-n2c(=O)c3cc4c(=O)n(-c5ccc([*])cc5)c(=O)c4cc3c2=O)cc1,1,1.377952756,0.035,3.8199999999999995e-24,3.82,0.582063363,0.00476598,20.0,3.5e+20,STS-8,ram,https://ntrs.nasa.gov/api/citations/19890004960/downloads/19890004960.pdf
BDTA-pp'-DABP,,[*]C(=O)c1ccc(N2C(=O)c3ccc(C(=O)c4ccc5c(c4)C(=O)N(c4ccc([*])cc4)C5=O)cc3C2=O)cc1,1,1.377952756,0.035,2.91e-24,2.91,0.463892989,0.00476598,20.0,3.5e+20,STS-8,ram,https://ntrs.nasa.gov/api/citations/19890004960/downloads/19890004960.pdf
BTDA-BENZIDENE,,[*]C(=O)c1ccc2c(c1)C(=O)N(c1ccc(-c3ccc(N4C(=O)c5ccc([*])cc5C4=O)cc3)cc1)C2=O,1,1.377952756,0.035,3.0799999999999997e-24,3.08,0.488550717,0.00476598,20.0,3.5e+20,STS-8,ram,https://ntrs.nasa.gov/api/citations/19890004960/downloads/19890004960.pdf
BTDA-pp'-ODA,,[*]C(=O)c1ccc2c(c1)C(=O)N(c1ccc(Oc3ccc(N4C(=O)c5ccc([*])cc5C4=O)cc3)cc1)C2=O,1,1.377952756,0.035,3.97e-24,3.97,0.598790507,0.00476598,20.0,3.5e+20,STS-8,ram,https://ntrs.nasa.gov/api/citations/19890004960/downloads/19890004960.pdf
BTDA-DAF,,[*]C(=O)c1ccc2c(c1)C(=O)N(c1ccc3c(c1)Cc1cc(N4C(=O)c5ccc([*])cc5C4=O)ccc1-3)C2=O,1,1.377952756,0.035,2.8199999999999997e-24,2.82,0.450249108,0.00476598,20.0,3.5e+20,STS-8,ram,https://ntrs.nasa.gov/api/citations/19890004960/downloads/19890004960.pdf
BTDA-mm'-MDA,,[*]C(=O)c1ccc2c(c1)C(=O)N(c1cccc(Cc3cccc(N4C(=O)c5ccc([*])cc5C4=O)c3)c1)C2=O,1,1.377952756,0.035,3.12e-24,3.12,0.494154594,0.00476598,20.0,3.5e+20,STS-8,ram,https://ntrs.nasa.gov/api/citations/19890004960/downloads/19890004960.pdf
BTDA-mm'DDSO2,,[*]C(=O)c1ccc2c(c1)C(=O)N(c1cccc(S(=O)(=O)c3cccc(N4C(=O)c5ccc([*])cc5C4=O)c3)c1)C2=O,1,1.377952756,0.035,2.2899999999999998e-24,2.29,0.359835482,0.00476598,20.0,3.5e+20,STS-8,ram,https://ntrs.nasa.gov/api/citations/19890004960/downloads/19890004960.pdf
PMDA-DAB,,[*]C(=O)c1cccc(-n2c(=O)c3cc4c(=O)n(-c5cccc([*])c5)c(=O)c4cc3c2=O)c1,1,1.377952756,0.035,2.5e-24,2.5,0.397940009,0.00476598,20.0,3.5e+20,STS-8,ram,https://ntrs.nasa.gov/api/citations/19890004960/downloads/19890004960.pdf
Polyethylene,,[*]C[*],1,0.8,0.0203,3.3e-24,3.3,0.51851394,0.00476598,20.0,3.5e+20,STS-8,ram,https://ntrs.nasa.gov/api/citations/19890004960/downloads/19890004960.pdf
PMDA-pp'-MDA,,[*]c1ccc(Cc2ccc(-n3c(=O)c4cc5c(=O)n([*])c(=O)c5cc4c3=O)cc2)cc1,1,1.377952756,0.035,3.17e-24,3.17,0.501059262,0.00476598,20.0,3.5e+20,STS-8,ram,https://ntrs.nasa.gov/api/citations/19890004960/downloads/19890004960.pdf
PDMA-pp'-ODA,,[*]c1ccc(Oc2ccc(-n3c(=O)c4cc5c(=O)n([*])c(=O)c5cc4c3=O)cc2)cc1,1,1.377952756,0.035,4.66e-24,4.66,0.668385917,0.00476598,20.0,3.5e+20,STS-8,ram,https://ntrs.nasa.gov/api/citations/19890004960/downloads/19890004960.pdf
I-DAB (PBI),,[*]c1cccc(-c2nc3ccc(-c4ccc5nc([*])[nH]c5c4)cc3[nH]2)c1,1,1.377952756,0.035,1.8e-24,1.8,0.255272505,0.00476598,20.0,3.5e+20,STS-8,ram,https://ntrs.nasa.gov/api/citations/19890004960/downloads/19890004960.pdf
Clear Tedlar,,[*]CC([*])F,1,0.5,0.0127,3.1999999999999998e-24,3.2,0.505149978,0.00476598,20.0,3.5e+20,STS-8,ram,https://ntrs.nasa.gov/api/citations/19890004960/downloads/19890004960.pdf
Mylar A,,[*]OCCOC(=O)c1ccc(C([*])=O)cc1,1,0.5,0.0127,3.6e-24,3.6,0.556302501,0.00476598,20.0,3.5e+20,STS-8,ram,https://ntrs.nasa.gov/api/citations/19890004960/downloads/19890004960.pdf
Mylar A,,[*]OCCOC(=O)c1ccc(C([*])=O)cc1,1,1.6,0.0406,3.4e-24,3.4,0.531478917,0.00476598,20.0,3.5e+20,STS-8,ram,https://ntrs.nasa.gov/api/citations/19890004960/downloads/19890004960.pdf
Mylar D,,[*]OCCOC(=O)c1ccc(C([*])=O)cc1,1,2,0.0508,3e-24,3.0,0.477121255,0.00476598,20.0,3.5e+20,STS-8,ram,https://ntrs.nasa.gov/api/citations/19890004960/downloads/19890004960.pdf
PEN-2.6,,[*]OCCOC(=O)c1ccc2cc(C([*])=O)ccc2c1,1,1.377952756,0.035,2.9e-24,2.9,0.462397998,0.00476598,20.0,3.5e+20,STS-8,ram,https://ntrs.nasa.gov/api/citations/19890004960/downloads/19890004960.pdf
